{
  "sheetName": "요약",
  "row7Data": {
    "__EMPTY_1": "국내",
    "__EMPTY_2": 0.06619352709464743,
    "__EMPTY_6": "국내",
    "__EMPTY_7": 18249000000,
    "__EMPTY_8": 19070314207,
    "__EMPTY_9": 1.0450059842731108,
    "__EMPTY_10": 17116029629,
    "__EMPTY_11": 0.11417861620716185,
    "__EMPTY_12": 18689666544,
    "__EMPTY_13": -380647663,
    "__EMPTY_14": 3593800000,
    "__EMPTY_15": 117147663,
    "__EMPTY_16": 9877714207,
    "__EMPTY_17": 8690119711,
    "__EMPTY_18": 0.13666031487422847,
    "1W": 2057056396,
    "2W": 4109710148,
    "3W": 3710947663,
    "4W": 4797800000,
    "5W": 4394800000,
    "__EMPTY_20": 1142785422,
    "__EMPTY_21": 4066843012,
    "__EMPTY_22": 3746477935,
    "__EMPTY_23": 4412933708,
    "__EMPTY_24": 4141793510,
    "__EMPTY_25": 914270974,
    "__EMPTY_26": 42867136,
    "__EMPTY_27": -35530272,
    "__EMPTY_28": 384866292,
    "__EMPTY_29": 253006490,
    "__EMPTY_30": 0.8000373091913664,
    "__EMPTY_31": 0.010540641936143569,
    "__EMPTY_32": -0.00948364640508681,
    "__EMPTY_33": 0.08721325029249671,
    "__EMPTY_34": 0.06108621528068414,
    "__EMPTY_41": 0
  },
  "columns": [
    "__EMPTY_1",
    "__EMPTY_2",
    "__EMPTY_6",
    "__EMPTY_7",
    "__EMPTY_8",
    "__EMPTY_9",
    "__EMPTY_10",
    "__EMPTY_11",
    "__EMPTY_12",
    "__EMPTY_13",
    "__EMPTY_14",
    "__EMPTY_15",
    "__EMPTY_16",
    "__EMPTY_17",
    "__EMPTY_18",
    "1W",
    "2W",
    "3W",
    "4W",
    "5W",
    "__EMPTY_20",
    "__EMPTY_21",
    "__EMPTY_22",
    "__EMPTY_23",
    "__EMPTY_24",
    "__EMPTY_25",
    "__EMPTY_26",
    "__EMPTY_27",
    "__EMPTY_28",
    "__EMPTY_29",
    "__EMPTY_30",
    "__EMPTY_31",
    "__EMPTY_32",
    "__EMPTY_33",
    "__EMPTY_34",
    "__EMPTY_41"
  ]
}